{"ffi_emissions": 11.06197, "luc_emissions": 0.24361, "CH4_emissions": 331.96074, "N2O_emissions": 8.598339999999999, "SO2_emissions": 26571.32, "CO_emissions": 880.5201900000001, "NMVOC_emissions": 191.74433, "NOX_emissions": 29.43133, "BC_emissions": 6.24006, "OC_emissions": 26.915370000000003, "CF4_emissions": 9.088460000000001, "C2F6_emissions": 2.04069, "HFC23_emissions": 0.26303000000000004, "HFC32_emissions": 75.21783, "HFC4310_emissions": 10.92207, "HFC125_emissions": 30.77693, "HFC134a_emissions": 250.61662, "HFC143a_emissions": 25.83557, "HFC227ea_emissions": 0.10592, "HFC245fa_emissions": 95.61005, "SF6_emissions": 3.73706, "CFC11_emissions": 11.610999999999999, "CFC12_emissions": 1.155, "CFC113_emissions": 0.0, "CFC114_emissions": 0.0, "CFC115_emissions": 0.0, "CCl4_emissions": 0.0, "CH3CCl3_emissions": 0.0, "HCFC22_emissions": 68.571, "HCFC141b_emissions": 28.002, "HCFC142b_emissions": 2.154, "halon1211_emissions": 0.309, "halon1301_emissions": 0.20600000000000002, "halon2402_emissions": 0.002, "CH3Br_emissions": 155.925, "CH3Cl_emissions": 3511.0820000000003}