{"ffi_emissions": 3.32053, "luc_emissions": 0.22998000000000002, "CH4_emissions": 192.87114, "N2O_emissions": 6.33956, "SO2_emissions": 16006.11, "CO_emissions": 825.98547, "NMVOC_emissions": 179.8852, "NOX_emissions": 29.013509999999997, "BC_emissions": 5.01504, "OC_emissions": 30.17701, "CF4_emissions": 2.87987, "C2F6_emissions": 0.53284, "HFC23_emissions": 0.26303000000000004, "HFC32_emissions": 75.21783, "HFC4310_emissions": 10.92207, "HFC125_emissions": 119.71926, "HFC134a_emissions": 199.79882, "HFC143a_emissions": 77.75262, "HFC227ea_emissions": 0.35484, "HFC245fa_emissions": 0.0, "SF6_emissions": 0.72583, "CFC11_emissions": 11.610999999999999, "CFC12_emissions": 1.155, "CFC113_emissions": 0.0, "CFC114_emissions": 0.0, "CFC115_emissions": 0.0, "CCl4_emissions": 0.0, "CH3CCl3_emissions": 0.0, "HCFC22_emissions": 15.365, "HCFC141b_emissions": 18.951, "HCFC142b_emissions": 2.154, "halon1211_emissions": 0.309, "halon1301_emissions": 0.20600000000000002, "halon2402_emissions": 0.002, "CH3Br_emissions": 155.925, "CH3Cl_emissions": 3511.0820000000003}