{"feedstock_reserves":{"soil":1e20,"oil":8.2418295e14,"coal":1.274e18,"uranium":7988600000000.0,"lithium":80000000.0,"thorium":5805982000000.0,"natural_gas":7.191e17,"other":0.0},"starting_resources":{"land":1.04e14,"water":4.55e16,"electricity":2.6936e13,"fuel":1.413973e14},"output_demand":[{"fuel":84.823,"electricity":12.647,"plant_calories":781214.7,"animal_calories":62258.01},{"fuel":478.748,"electricity":80.88187,"plant_calories":835119.06,"animal_calories":101446.23},{"fuel":1842.7817,"electricity":368.96432,"plant_calories":883168.5,"animal_calories":235324.58},{"fuel":4111.456,"electricity":750.5439,"plant_calories":900747.4,"animal_calories":320351.1}],"water_by_income":[2040.4095,4552.624,5839.793,11648.184],"materials_by_income":[2.2531416,4.3768,15.43,25.9541],"income_pop_coefs":[[-137.09105,0.20175901,-0.00009881497,1.610786e-8],[-31.64509,0.04905328,-0.00002514448,4.267315e-9],[-73.97073,0.11030435,-0.000054715376,9.029389e-9],[193.77744,-0.2777678,0.00013271414,-2.1135532e-8]]}