{"demand_levels": [{"electricity": 12.647, "fuel": 84.823, "animal_calories": 62258.01225379132, "plant_calories": 781214.6569453699}, {"electricity": 80.881867, "fuel": 478.748, "animal_calories": 101446.22307270509, "plant_calories": 835119.0398573277}, {"electricity": 368.96432, "fuel": 1842.78168, "animal_calories": 235324.57700012674, "plant_calories": 883168.4828934266}, {"electricity": 750.5439, "fuel": 4111.4561, "animal_calories": 320351.0835388199, "plant_calories": 900747.3812494389}], "base_outlook": 10.0, "base_world_outlook": 20.0, "base_habitability": 10.0, "starting_resources": {"land": 104000000000000.0, "electricity": 26936000000000.0, "water": 4.55e+16, "labor": 0.0, "fuel": 141397300000000.0}}